{"errors":[],"warnings":[],"namedChunkGroups":{"app":{"chunks":[13,4],"assets":["webpack-runtime-4e1e20bc955d26cdc0bb.js","webpack-runtime-4e1e20bc955d26cdc0bb.js.map","app-febf9850afc2765cc2a7.js","app-febf9850afc2765cc2a7.js.map"],"children":{},"childAssets":{}},"component---node-modules-gatsby-plugin-offline-app-shell-js":{"chunks":[5],"assets":["component---node-modules-gatsby-plugin-offline-app-shell-js-c830f97299dc93f05b3b.js","component---node-modules-gatsby-plugin-offline-app-shell-js-c830f97299dc93f05b3b.js.map"],"children":{},"childAssets":{}},"component---src-pages-api-js":{"chunks":[0,1,7],"assets":["0.89623745a04dd8e1a07a.css","0-8cdc8c0b7139d3947b71.js","0-8cdc8c0b7139d3947b71.js.map","1.204b8b47ff05841973ed.css","1-23cff4a8acfac7170dcb.js","1-23cff4a8acfac7170dcb.js.map","component---src-pages-api-js.2737034f492d373729fe.css","component---src-pages-api-js-09ddbf68ab493142202f.js","component---src-pages-api-js-09ddbf68ab493142202f.js.map"],"children":{},"childAssets":{}},"component---src-pages-404-js":{"chunks":[0,1,6],"assets":["0.89623745a04dd8e1a07a.css","0-8cdc8c0b7139d3947b71.js","0-8cdc8c0b7139d3947b71.js.map","1.204b8b47ff05841973ed.css","1-23cff4a8acfac7170dcb.js","1-23cff4a8acfac7170dcb.js.map","component---src-pages-404-js-3e99a19298710ae1119c.js","component---src-pages-404-js-3e99a19298710ae1119c.js.map"],"children":{},"childAssets":{}},"component---src-pages-forms-js":{"chunks":[0,2,3,1,8],"assets":["0.89623745a04dd8e1a07a.css","0-8cdc8c0b7139d3947b71.js","0-8cdc8c0b7139d3947b71.js.map","2-2a5f1003812bb570fc28.js","2-2a5f1003812bb570fc28.js.map","3-db1f6d8a399929e3a1a5.js","3-db1f6d8a399929e3a1a5.js.map","1.204b8b47ff05841973ed.css","1-23cff4a8acfac7170dcb.js","1-23cff4a8acfac7170dcb.js.map","component---src-pages-forms-js-385837562595eaf68df4.js","component---src-pages-forms-js-385837562595eaf68df4.js.map"],"children":{},"childAssets":{}},"component---src-pages-index-js":{"chunks":[0,2,1,9],"assets":["0.89623745a04dd8e1a07a.css","0-8cdc8c0b7139d3947b71.js","0-8cdc8c0b7139d3947b71.js.map","2-2a5f1003812bb570fc28.js","2-2a5f1003812bb570fc28.js.map","1.204b8b47ff05841973ed.css","1-23cff4a8acfac7170dcb.js","1-23cff4a8acfac7170dcb.js.map","component---src-pages-index-js-5b3ec57b9ba1b4c8687f.js","component---src-pages-index-js-5b3ec57b9ba1b4c8687f.js.map"],"children":{},"childAssets":{}},"component---src-pages-redux-js":{"chunks":[0,2,1,10],"assets":["0.89623745a04dd8e1a07a.css","0-8cdc8c0b7139d3947b71.js","0-8cdc8c0b7139d3947b71.js.map","2-2a5f1003812bb570fc28.js","2-2a5f1003812bb570fc28.js.map","1.204b8b47ff05841973ed.css","1-23cff4a8acfac7170dcb.js","1-23cff4a8acfac7170dcb.js.map","component---src-pages-redux-js-5f12522ab761af1b0272.js","component---src-pages-redux-js-5f12522ab761af1b0272.js.map"],"children":{},"childAssets":{}},"component---src-pages-ui-js":{"chunks":[0,2,3,1,11],"assets":["0.89623745a04dd8e1a07a.css","0-8cdc8c0b7139d3947b71.js","0-8cdc8c0b7139d3947b71.js.map","2-2a5f1003812bb570fc28.js","2-2a5f1003812bb570fc28.js.map","3-db1f6d8a399929e3a1a5.js","3-db1f6d8a399929e3a1a5.js.map","1.204b8b47ff05841973ed.css","1-23cff4a8acfac7170dcb.js","1-23cff4a8acfac7170dcb.js.map","component---src-pages-ui-js-ccf58656f09285115b0a.js","component---src-pages-ui-js-ccf58656f09285115b0a.js.map"],"children":{},"childAssets":{}},"component---src-pages-utils-js":{"chunks":[0,2,3,1,12],"assets":["0.89623745a04dd8e1a07a.css","0-8cdc8c0b7139d3947b71.js","0-8cdc8c0b7139d3947b71.js.map","2-2a5f1003812bb570fc28.js","2-2a5f1003812bb570fc28.js.map","3-db1f6d8a399929e3a1a5.js","3-db1f6d8a399929e3a1a5.js.map","1.204b8b47ff05841973ed.css","1-23cff4a8acfac7170dcb.js","1-23cff4a8acfac7170dcb.js.map","component---src-pages-utils-js-18a00a6be7220926e244.js","component---src-pages-utils-js-18a00a6be7220926e244.js.map"],"children":{},"childAssets":{}}},"assetsByChunkName":{"app":["webpack-runtime-4e1e20bc955d26cdc0bb.js","app-febf9850afc2765cc2a7.js"],"component---node-modules-gatsby-plugin-offline-app-shell-js":["component---node-modules-gatsby-plugin-offline-app-shell-js-c830f97299dc93f05b3b.js"],"component---src-pages-api-js":["0.89623745a04dd8e1a07a.css","0-8cdc8c0b7139d3947b71.js","1.204b8b47ff05841973ed.css","1-23cff4a8acfac7170dcb.js","component---src-pages-api-js.2737034f492d373729fe.css","component---src-pages-api-js-09ddbf68ab493142202f.js"],"component---src-pages-404-js":["0.89623745a04dd8e1a07a.css","0-8cdc8c0b7139d3947b71.js","1.204b8b47ff05841973ed.css","1-23cff4a8acfac7170dcb.js","component---src-pages-404-js-3e99a19298710ae1119c.js"],"component---src-pages-forms-js":["0.89623745a04dd8e1a07a.css","0-8cdc8c0b7139d3947b71.js","2-2a5f1003812bb570fc28.js","3-db1f6d8a399929e3a1a5.js","1.204b8b47ff05841973ed.css","1-23cff4a8acfac7170dcb.js","component---src-pages-forms-js-385837562595eaf68df4.js"],"component---src-pages-index-js":["0.89623745a04dd8e1a07a.css","0-8cdc8c0b7139d3947b71.js","2-2a5f1003812bb570fc28.js","1.204b8b47ff05841973ed.css","1-23cff4a8acfac7170dcb.js","component---src-pages-index-js-5b3ec57b9ba1b4c8687f.js"],"component---src-pages-redux-js":["0.89623745a04dd8e1a07a.css","0-8cdc8c0b7139d3947b71.js","2-2a5f1003812bb570fc28.js","1.204b8b47ff05841973ed.css","1-23cff4a8acfac7170dcb.js","component---src-pages-redux-js-5f12522ab761af1b0272.js"],"component---src-pages-ui-js":["0.89623745a04dd8e1a07a.css","0-8cdc8c0b7139d3947b71.js","2-2a5f1003812bb570fc28.js","3-db1f6d8a399929e3a1a5.js","1.204b8b47ff05841973ed.css","1-23cff4a8acfac7170dcb.js","component---src-pages-ui-js-ccf58656f09285115b0a.js"],"component---src-pages-utils-js":["0.89623745a04dd8e1a07a.css","0-8cdc8c0b7139d3947b71.js","2-2a5f1003812bb570fc28.js","3-db1f6d8a399929e3a1a5.js","1.204b8b47ff05841973ed.css","1-23cff4a8acfac7170dcb.js","component---src-pages-utils-js-18a00a6be7220926e244.js"]}}