{"errors":[],"warnings":[],"namedChunkGroups":{"app":{"chunks":[15,3],"assets":["webpack-runtime-3611feeffad315a29715.js","webpack-runtime-3611feeffad315a29715.js.map","app-e0ebb89b7f6d84bbca41.js","app-e0ebb89b7f6d84bbca41.js.map"],"children":{},"childAssets":{}},"component---node-modules-gatsby-plugin-offline-app-shell-js":{"chunks":[4],"assets":["component---node-modules-gatsby-plugin-offline-app-shell-js-a7092af25712ef333e94.js","component---node-modules-gatsby-plugin-offline-app-shell-js-a7092af25712ef333e94.js.map"],"children":{},"childAssets":{}},"component---src-pages-api-js":{"chunks":[0,5],"assets":["0.603903eb1f7f318d7d3e.css","0-982b63469e8f744b3262.js","0-982b63469e8f744b3262.js.map","component---src-pages-api-js.99e0bd7cc84858c4f7a4.css","component---src-pages-api-js-912d039e71ce76a417cc.js","component---src-pages-api-js-912d039e71ce76a417cc.js.map"],"children":{},"childAssets":{}},"component---src-pages-404-js":{"chunks":[0,6],"assets":["0.603903eb1f7f318d7d3e.css","0-982b63469e8f744b3262.js","0-982b63469e8f744b3262.js.map","component---src-pages-404-js.03116b7efa078d57d05d.css","component---src-pages-404-js-18cf5c2a0157759a88ef.js","component---src-pages-404-js-18cf5c2a0157759a88ef.js.map"],"children":{},"childAssets":{}},"component---src-pages-forms-js":{"chunks":[0,1,2,13,7],"assets":["0.603903eb1f7f318d7d3e.css","0-982b63469e8f744b3262.js","0-982b63469e8f744b3262.js.map","1-080672a9d5438b704b24.js","1-080672a9d5438b704b24.js.map","2-b0aaa0f512ceddcebf97.js","2-b0aaa0f512ceddcebf97.js.map","13-be8487ceac91f0a61d44.js","13-be8487ceac91f0a61d44.js.map","component---src-pages-forms-js.6615a17ef013ea691a38.css","component---src-pages-forms-js-4efcc6cbcfad53d94ade.js","component---src-pages-forms-js-4efcc6cbcfad53d94ade.js.map"],"children":{},"childAssets":{}},"component---src-pages-index-js":{"chunks":[0,1,8],"assets":["0.603903eb1f7f318d7d3e.css","0-982b63469e8f744b3262.js","0-982b63469e8f744b3262.js.map","1-080672a9d5438b704b24.js","1-080672a9d5438b704b24.js.map","component---src-pages-index-js.03116b7efa078d57d05d.css","component---src-pages-index-js-9380a4290437433d5e68.js","component---src-pages-index-js-9380a4290437433d5e68.js.map"],"children":{},"childAssets":{}},"component---src-pages-redux-js":{"chunks":[0,1,9],"assets":["0.603903eb1f7f318d7d3e.css","0-982b63469e8f744b3262.js","0-982b63469e8f744b3262.js.map","1-080672a9d5438b704b24.js","1-080672a9d5438b704b24.js.map","component---src-pages-redux-js.03116b7efa078d57d05d.css","component---src-pages-redux-js-5f2e4b819be7ee3753e3.js","component---src-pages-redux-js-5f2e4b819be7ee3753e3.js.map"],"children":{},"childAssets":{}},"component---src-pages-ui-js":{"chunks":[0,1,2,10],"assets":["0.603903eb1f7f318d7d3e.css","0-982b63469e8f744b3262.js","0-982b63469e8f744b3262.js.map","1-080672a9d5438b704b24.js","1-080672a9d5438b704b24.js.map","2-b0aaa0f512ceddcebf97.js","2-b0aaa0f512ceddcebf97.js.map","component---src-pages-ui-js.6615a17ef013ea691a38.css","component---src-pages-ui-js-990c6d7eaf54eccd60ae.js","component---src-pages-ui-js-990c6d7eaf54eccd60ae.js.map"],"children":{},"childAssets":{}},"component---src-pages-utils-js":{"chunks":[0,1,2,14,11],"assets":["0.603903eb1f7f318d7d3e.css","0-982b63469e8f744b3262.js","0-982b63469e8f744b3262.js.map","1-080672a9d5438b704b24.js","1-080672a9d5438b704b24.js.map","2-b0aaa0f512ceddcebf97.js","2-b0aaa0f512ceddcebf97.js.map","14-4e8067142e74be30fdf1.js","14-4e8067142e74be30fdf1.js.map","component---src-pages-utils-js.6615a17ef013ea691a38.css","component---src-pages-utils-js-17e3e2e479ae5217f7c4.js","component---src-pages-utils-js-17e3e2e479ae5217f7c4.js.map"],"children":{},"childAssets":{}}},"assetsByChunkName":{"app":["webpack-runtime-3611feeffad315a29715.js","app-e0ebb89b7f6d84bbca41.js"],"component---node-modules-gatsby-plugin-offline-app-shell-js":["component---node-modules-gatsby-plugin-offline-app-shell-js-a7092af25712ef333e94.js"],"component---src-pages-api-js":["0.603903eb1f7f318d7d3e.css","0-982b63469e8f744b3262.js","component---src-pages-api-js.99e0bd7cc84858c4f7a4.css","component---src-pages-api-js-912d039e71ce76a417cc.js"],"component---src-pages-404-js":["0.603903eb1f7f318d7d3e.css","0-982b63469e8f744b3262.js","component---src-pages-404-js.03116b7efa078d57d05d.css","component---src-pages-404-js-18cf5c2a0157759a88ef.js"],"component---src-pages-forms-js":["0.603903eb1f7f318d7d3e.css","0-982b63469e8f744b3262.js","1-080672a9d5438b704b24.js","2-b0aaa0f512ceddcebf97.js","13-be8487ceac91f0a61d44.js","component---src-pages-forms-js.6615a17ef013ea691a38.css","component---src-pages-forms-js-4efcc6cbcfad53d94ade.js"],"component---src-pages-index-js":["0.603903eb1f7f318d7d3e.css","0-982b63469e8f744b3262.js","1-080672a9d5438b704b24.js","component---src-pages-index-js.03116b7efa078d57d05d.css","component---src-pages-index-js-9380a4290437433d5e68.js"],"component---src-pages-redux-js":["0.603903eb1f7f318d7d3e.css","0-982b63469e8f744b3262.js","1-080672a9d5438b704b24.js","component---src-pages-redux-js.03116b7efa078d57d05d.css","component---src-pages-redux-js-5f2e4b819be7ee3753e3.js"],"component---src-pages-ui-js":["0.603903eb1f7f318d7d3e.css","0-982b63469e8f744b3262.js","1-080672a9d5438b704b24.js","2-b0aaa0f512ceddcebf97.js","component---src-pages-ui-js.6615a17ef013ea691a38.css","component---src-pages-ui-js-990c6d7eaf54eccd60ae.js"],"component---src-pages-utils-js":["0.603903eb1f7f318d7d3e.css","0-982b63469e8f744b3262.js","1-080672a9d5438b704b24.js","2-b0aaa0f512ceddcebf97.js","14-4e8067142e74be30fdf1.js","component---src-pages-utils-js.6615a17ef013ea691a38.css","component---src-pages-utils-js-17e3e2e479ae5217f7c4.js"]}}