{"errors":[],"warnings":[],"namedChunkGroups":{"app":{"chunks":[13,4],"assets":["webpack-runtime-2865071d49518eb749a0.js","webpack-runtime-2865071d49518eb749a0.js.map","app-aaf38289048d6fd6f36c.js","app-aaf38289048d6fd6f36c.js.map"],"children":{},"childAssets":{}},"component---node-modules-gatsby-plugin-offline-app-shell-js":{"chunks":[5],"assets":["component---node-modules-gatsby-plugin-offline-app-shell-js-15963efc00c604d58c7b.js","component---node-modules-gatsby-plugin-offline-app-shell-js-15963efc00c604d58c7b.js.map"],"children":{},"childAssets":{}},"component---src-pages-api-js":{"chunks":[0,1,7],"assets":["0.3a4c0a2f44d023e0ccab.css","0-2fb130fe53520bb759d2.js","0-2fb130fe53520bb759d2.js.map","1.73914e4a86a952f05314.css","1-8e659a80750dd56c8bec.js","1-8e659a80750dd56c8bec.js.map","component---src-pages-api-js.2737034f492d373729fe.css","component---src-pages-api-js-09800c66ce5659f12254.js","component---src-pages-api-js-09800c66ce5659f12254.js.map"],"children":{},"childAssets":{}},"component---src-pages-404-js":{"chunks":[0,1,6],"assets":["0.3a4c0a2f44d023e0ccab.css","0-2fb130fe53520bb759d2.js","0-2fb130fe53520bb759d2.js.map","1.73914e4a86a952f05314.css","1-8e659a80750dd56c8bec.js","1-8e659a80750dd56c8bec.js.map","component---src-pages-404-js-374e39ceec01c904f9b4.js","component---src-pages-404-js-374e39ceec01c904f9b4.js.map"],"children":{},"childAssets":{}},"component---src-pages-forms-js":{"chunks":[0,2,3,1,8],"assets":["0.3a4c0a2f44d023e0ccab.css","0-2fb130fe53520bb759d2.js","0-2fb130fe53520bb759d2.js.map","2-4758877d2b4955217102.js","2-4758877d2b4955217102.js.map","3-78dd68ea5ca7ac3409ed.js","3-78dd68ea5ca7ac3409ed.js.map","1.73914e4a86a952f05314.css","1-8e659a80750dd56c8bec.js","1-8e659a80750dd56c8bec.js.map","component---src-pages-forms-js-9ba51a2b1186e4da3b4b.js","component---src-pages-forms-js-9ba51a2b1186e4da3b4b.js.map"],"children":{},"childAssets":{}},"component---src-pages-index-js":{"chunks":[0,2,1,9],"assets":["0.3a4c0a2f44d023e0ccab.css","0-2fb130fe53520bb759d2.js","0-2fb130fe53520bb759d2.js.map","2-4758877d2b4955217102.js","2-4758877d2b4955217102.js.map","1.73914e4a86a952f05314.css","1-8e659a80750dd56c8bec.js","1-8e659a80750dd56c8bec.js.map","component---src-pages-index-js-e4fdc500f1c262b9e20c.js","component---src-pages-index-js-e4fdc500f1c262b9e20c.js.map"],"children":{},"childAssets":{}},"component---src-pages-redux-js":{"chunks":[0,2,1,10],"assets":["0.3a4c0a2f44d023e0ccab.css","0-2fb130fe53520bb759d2.js","0-2fb130fe53520bb759d2.js.map","2-4758877d2b4955217102.js","2-4758877d2b4955217102.js.map","1.73914e4a86a952f05314.css","1-8e659a80750dd56c8bec.js","1-8e659a80750dd56c8bec.js.map","component---src-pages-redux-js-77fa1c94e18d3def41a6.js","component---src-pages-redux-js-77fa1c94e18d3def41a6.js.map"],"children":{},"childAssets":{}},"component---src-pages-ui-js":{"chunks":[0,2,3,1,11],"assets":["0.3a4c0a2f44d023e0ccab.css","0-2fb130fe53520bb759d2.js","0-2fb130fe53520bb759d2.js.map","2-4758877d2b4955217102.js","2-4758877d2b4955217102.js.map","3-78dd68ea5ca7ac3409ed.js","3-78dd68ea5ca7ac3409ed.js.map","1.73914e4a86a952f05314.css","1-8e659a80750dd56c8bec.js","1-8e659a80750dd56c8bec.js.map","component---src-pages-ui-js-951b449b8c0f8f51e522.js","component---src-pages-ui-js-951b449b8c0f8f51e522.js.map"],"children":{},"childAssets":{}},"component---src-pages-utils-js":{"chunks":[0,2,3,1,12],"assets":["0.3a4c0a2f44d023e0ccab.css","0-2fb130fe53520bb759d2.js","0-2fb130fe53520bb759d2.js.map","2-4758877d2b4955217102.js","2-4758877d2b4955217102.js.map","3-78dd68ea5ca7ac3409ed.js","3-78dd68ea5ca7ac3409ed.js.map","1.73914e4a86a952f05314.css","1-8e659a80750dd56c8bec.js","1-8e659a80750dd56c8bec.js.map","component---src-pages-utils-js-d614e6e96b705ce53ccd.js","component---src-pages-utils-js-d614e6e96b705ce53ccd.js.map"],"children":{},"childAssets":{}}},"assetsByChunkName":{"app":["webpack-runtime-2865071d49518eb749a0.js","app-aaf38289048d6fd6f36c.js"],"component---node-modules-gatsby-plugin-offline-app-shell-js":["component---node-modules-gatsby-plugin-offline-app-shell-js-15963efc00c604d58c7b.js"],"component---src-pages-api-js":["0.3a4c0a2f44d023e0ccab.css","0-2fb130fe53520bb759d2.js","1.73914e4a86a952f05314.css","1-8e659a80750dd56c8bec.js","component---src-pages-api-js.2737034f492d373729fe.css","component---src-pages-api-js-09800c66ce5659f12254.js"],"component---src-pages-404-js":["0.3a4c0a2f44d023e0ccab.css","0-2fb130fe53520bb759d2.js","1.73914e4a86a952f05314.css","1-8e659a80750dd56c8bec.js","component---src-pages-404-js-374e39ceec01c904f9b4.js"],"component---src-pages-forms-js":["0.3a4c0a2f44d023e0ccab.css","0-2fb130fe53520bb759d2.js","2-4758877d2b4955217102.js","3-78dd68ea5ca7ac3409ed.js","1.73914e4a86a952f05314.css","1-8e659a80750dd56c8bec.js","component---src-pages-forms-js-9ba51a2b1186e4da3b4b.js"],"component---src-pages-index-js":["0.3a4c0a2f44d023e0ccab.css","0-2fb130fe53520bb759d2.js","2-4758877d2b4955217102.js","1.73914e4a86a952f05314.css","1-8e659a80750dd56c8bec.js","component---src-pages-index-js-e4fdc500f1c262b9e20c.js"],"component---src-pages-redux-js":["0.3a4c0a2f44d023e0ccab.css","0-2fb130fe53520bb759d2.js","2-4758877d2b4955217102.js","1.73914e4a86a952f05314.css","1-8e659a80750dd56c8bec.js","component---src-pages-redux-js-77fa1c94e18d3def41a6.js"],"component---src-pages-ui-js":["0.3a4c0a2f44d023e0ccab.css","0-2fb130fe53520bb759d2.js","2-4758877d2b4955217102.js","3-78dd68ea5ca7ac3409ed.js","1.73914e4a86a952f05314.css","1-8e659a80750dd56c8bec.js","component---src-pages-ui-js-951b449b8c0f8f51e522.js"],"component---src-pages-utils-js":["0.3a4c0a2f44d023e0ccab.css","0-2fb130fe53520bb759d2.js","2-4758877d2b4955217102.js","3-78dd68ea5ca7ac3409ed.js","1.73914e4a86a952f05314.css","1-8e659a80750dd56c8bec.js","component---src-pages-utils-js-d614e6e96b705ce53ccd.js"]}}